	ID	Month	Day	Title	#Upvotes	#Comments	Upvote Ratio
0	f7txjb	2	22	[MegaThread #3] CoronaVirus	392	2238	0.97
1	f87rbo	2	23	[MegaThread #4] CoronaVirus	272	3526	0.97
2	f8n5re	2	24	[MegaThread #5] CoronaVirus	339	3905	0.98
3	f979ky	2	25	[MegaThread #6] CoronaVirus	287	3209	0.97
4	f9ppti	2	26	[MegaThread #7] CoronaVirus	143	2630	0.96
5	fa92ql	2	27	[Live & MegaThread] Coronavirus * 27/02/20	75	1731	0.9
6	faorb1	2	28	[Live & MegaThread] Coronavirus * 28/02/20	75	1689	0.97
7	fb6ydz	2	29	[Live & MegaThread] Coronavirus * 29/02/20	77	1277	0.93
8	fbokaz	3	1	[Live & MegaThread] Coronavirus * 01/03/20	76	1032	0.95
9	fc6a3o	3	2	[Live & MegaThread] Coronavirus * 02/03/20	77	1202	0.92
10	fcoutg	3	3	[Live & MegaThread] Coronavirus * 03/03/20	73	1135	0.91
11	fd7a8l	3	4	[Live & MegaThread] Coronavirus * 04/03/20	348	1939	0.96
12	fdpi31	3	5	[Live & MegaThread] Coronavirus * 05/03/20	242	1462	0.99
13	fe7tlw	3	6	[Live & MegaThread] Coronavirus * 06/03/20	231	1525	0.97
14	feprhj	3	7	[Live & MegaThread] Coronavirus * 07/03/20	238	3021	0.96
15	ff74jj	3	8	[Live & MegaThread] Coronavirus * 08/03/20	228	4068	0.97
16	ffovzh	3	9	[Live & MegaThread] Coronavirus * 09/03/20	205	5427	0.97
17	fg7xtb	3	10	[Live & MegaThread] Coronavirus * 10/03/20	133	4316	0.98
18	fgr5qx	3	11	[Live & MegaThread] Coronavirus * 11/03/20	233	4387	0.97
19	fhafi6	3	12	[Live & MegaThread] Coronavirus * 12/03/20	234	3352	0.99
20	fhtp7j	3	13	[Live & MegaThread] Coronavirus * 13/03/20	187	3503	1.0
21	fico1p	3	14	[Live & MegaThread] Coronavirus * 14/03/20	119	3036	0.97
22	fivib3	3	15	[Live & MegaThread] Coronavirus * 15/03/20	112	3356	0.95
23	fjeq8w	3	16	[Live & MegaThread] Coronavirus * 16/03/20	107	2934	0.99
24	fjyq4j	3	17	[Live & MegaThread] Coronavirus * 17/03/20	87	2761	0.97
25	fkjcbz	3	18	[Live & MegaThread] Coronavirus * 18/03/20	171	2286	0.99
26	fl3jew	3	19	[Live & MegaThread] Coronavirus * 19/03/20	116	3095	0.94
27	floc14	3	20	[Live & MegaThread] Coronavirus * 20/03/20	113	3210	0.95
28	fm8zs5	3	21	[Live & MegaThread] Coronavirus * 21/03/20	105	3842	0.98
29	fmtkil	3	22	[Live & MegaThread] Coronavirus * 22/03/20	97	3067	0.97
30	fndk6d	3	23	[Live & MegaThread] Coronavirus * 23/03/20	98	2696	0.96
31	fnyhj8	3	24	[Live & MegaThread] Coronavirus * 24/03/20	194	2240	0.99
32	fojrcb	3	25	[Live & MegaThread] Coronavirus * 25/03/20	143	2270	0.97
33	fp4tto	3	26	[Live & MegaThread] Coronavirus * 26/03/20	87	2354	0.96
34	fpq8xb	3	27	[Live & MegaThread] Coronavirus * 27/03/20	114	2783	0.98
35	fqcwen	3	28	[Live & MegaThread] Coronavirus * 28/03/20	96	2172	0.98
36	fqyk4z	3	29	[Live & MegaThread] Coronavirus * 29/03/20	69	1842	0.93
37	frj0e0	3	30	[Live & MegaThread] Coronavirus * 30/03/20	65	2131	0.92
38	fs54mu	3	31	[Live & MegaThread] Coronavirus * 31/03/20	89	1909	0.94
39	fsrbbh	4	1	[Live & MegaThread] Coronavirus * 01/04/20	168	1642	0.98
40	ftemzt	4	2	[Live & MegaThread] Coronavirus * 02/04/20	82	1462	0.97
41	fu0dzp	4	3	[Live & MegaThread] Coronavirus * 03/04/20	111	1567	0.97
42	fum6et	4	4	[Live & MegaThread] Coronavirus * 04/04/20	79	1409	0.95
43	fv6pli	4	5	[Live & MegaThread] Coronavirus * 05/04/20	66	1465	0.93
44	fvqxv3	4	6	[Live & MegaThread] Coronavirus * 06/04/20	50	1810	0.91
45	fwcqqi	4	7	[Live & MegaThread] Coronavirus * 07/04/20	121	1577	0.99
46	fwyhx5	4	8	[Live & MegaThread] Coronavirus * 08/04/20	73	1618	0.97
47	fxkkx3	4	9	[Live & MegaThread] Coronavirus * 09/04/20	67	2033	0.94
48	fy6vcx	4	10	[Live & MegaThread] Coronavirus * 10/04/20	141	1981	0.96
49	fyv5q1	4	11	[Live & MegaThread] Coronavirus * 11/04/20	55	1524	0.95
50	fzosfe	4	12	[Live & MegaThread] Coronavirus * 12/04/20	62	1085	0.94
51	g0ait0	4	13	[Live & MegaThread] Coronavirus * 13/04/20	66	1444	0.93
52	g0xk8k	4	14	[Live & MegaThread] Coronavirus * 14/04/20	81	1640	0.97
53	g1jqcg	4	15	[Live & MegaThread] Coronavirus * 15/04/20	70	1447	0.93
54	g26s6y	4	16	[Live & MegaThread] Coronavirus * 16/04/20	61	1714	0.94
55	g2tox0	4	17	[Live & MegaThread] Coronavirus * 17/04/20	46	1611	0.88
56	g3gbdl	4	18	[Live & MegaThread] Coronavirus * 18/04/20	59	1349	0.95
57	g40dhw	4	19	[Live & MegaThread] Coronavirus * 19/04/20	61	1019	0.95
58	g4kzn2	4	20	[Live & MegaThread] Coronavirus * 20/04/20	45	1387	0.93
59	g57ajh	4	21	[Live & MegaThread] Coronavirus * 21/04/20	43	1442	0.92
60	g5tk7h	4	22	[Live & MegaThread] Coronavirus * 22/04/20	55	1293	0.97
61	g6f7pd	4	23	[Live & MegaThread] Coronavirus * 23/04/20	95	1071	0.97
62	g70tq9	4	24	[Live & MegaThread] Coronavirus * 24/04/20	40	1034	0.9
63	g7me8o	4	25	[Live & MegaThread] Coronavirus * 25/04/20	56	969	0.98
64	g9djwj	4	28	Megathread Coronavirus 28 aprile	208	1268	0.96
65	ga05da	4	29	Megathread Coronavirus * 29/04/20	136	775	0.95
66	gamqm3	4	30	Megathread Coronavirus * 30/04/20 Coronavirus	160	987	0.91
67	gb8q8s	5	1	Megathread Coronavirus * 01/05/20	117	590	0.93
68	gbx1a2	5	2	Megathread Coronavirus * 02/05/20	102	997	0.97
69	gchxfo	5	3	Megathread Coronavirus * 03/05/20	106	711	0.98
70	gd2yzw	5	4	Megathread Coronavirus * 04/05/20	133	902	0.97
71	gdo9o3	5	5	Megathread Coronavirus * 05/05/20	81	524	0.95
72	gead0v	5	6	Megathread Coronavirus * 06/05/20	104	481	0.98
73	gex2s7	5	7	Megathread Coronavirus * 07/05/20	122	496	0.99
74	gfjrni	5	8	Megathread Coronavirus * 08/05/20	112	578	0.96
75	gg5yq6	5	9	Megathread Coronavirus * 09/05/20	75	296	0.96
76	ggqrld	5	10	Megathread Coronavirus * 10/05/20	60	312	0.86
77	ghe13x	5	11	Megathread Coronavirus * 11/05/20	65	238	0.91
